r_cm,z_cm,ne_cm3,Te_eV,nF_cm3,P_ind_kW_m3,alpha
1.848583e-01,1.487201e-01,3.047105e+08,1.914178e+00,1.530570e+13,6.098428e-08,6.916617e+02
1.848583e-01,4.742405e-01,5.714873e+08,1.916384e+00,1.541855e+13,1.165813e-06,3.708052e+02
1.848583e-01,8.597004e-01,8.882917e+08,1.922115e+00,1.557752e+13,5.991343e-06,2.415643e+02
1.848583e-01,1.312518e+00,1.262482e+09,1.933197e+00,1.579904e+13,2.008652e-05,1.736183e+02
1.848583e-01,1.839522e+00,1.701952e+09,1.952077e+00,1.610363e+13,5.429458e-05,1.328418e+02
1.848583e-01,2.446252e+00,2.215053e+09,1.981916e+00,1.651572e+13,1.291030e-04,1.062909e+02
1.848583e-01,3.136121e+00,2.810418e+09,2.026629e+00,1.706262e+13,2.826272e-04,8.791933e+01
1.848583e-01,3.909510e+00,3.496566e+09,2.090844e+00,1.777191e+13,5.854127e-04,7.450250e+01
1.848583e-01,4.762930e+00,4.280983e+09,2.179711e+00,1.866681e+13,1.167712e-03,6.417987e+01
1.848583e-01,5.688405e+00,5.168336e+09,2.298493e+00,1.975907e+13,2.268401e-03,5.584827e+01
1.848583e-01,6.673277e+00,6.157396e+09,2.451844e+00,2.103970e+13,4.318316e-03,4.886900e+01
1.848583e-01,7.700577e+00,7.236542e+09,2.642680e+00,2.246946e+13,8.072047e-03,4.289693e+01
1.848583e-01,8.750000e+00,8.378399e+09,2.870657e+00,2.397354e+13,1.479812e-02,3.776145e+01
1.848583e-01,9.799423e+00,9.483549e+09,3.130606e+00,2.544597e+13,2.639223e-02,3.356094e+01
1.848583e-01,1.082672e+01,1.039393e+10,3.411707e+00,2.676916e+13,4.538111e-02,3.040644e+01
1.848583e-01,1.181160e+01,1.093273e+10,3.698338e+00,2.784435e+13,7.482129e-02,2.836363e+01
1.848583e-01,1.273707e+01,1.096110e+10,3.972851e+00,2.861893e+13,1.183457e-01,2.748480e+01
1.848583e-01,1.359049e+01,1.043233e+10,4.219264e+00,2.909656e+13,1.806151e-01,2.786190e+01
1.848583e-01,1.436388e+01,9.409823e+09,4.426164e+00,2.932716e+13,2.659746e-01,2.970252e+01
1.848583e-01,1.505375e+01,8.039333e+09,4.465418e+00,2.938462e+13,3.672913e-01,3.344599e+01
1.848583e-01,1.566048e+01,6.522118e+09,4.467809e+00,2.935108e+13,4.269243e-01,3.982497e+01
1.848583e-01,1.618748e+01,5.012313e+09,4.468869e+00,2.928511e+13,3.492268e-01,5.039779e+01
1.848583e-01,1.664030e+01,3.605104e+09,4.469327e+00,2.922048e+13,1.636941e-01,6.868894e+01
1.848583e-01,1.702576e+01,2.349410e+09,4.469522e+00,2.917280e+13,3.909986e-02,1.041335e+02
1.848583e-01,1.735128e+01,1.261926e+09,4.469588e+00,2.914616e+13,2.204407e-03,1.928292e+02
5.760035e-01,1.487201e-01,3.045661e+08,1.914134e+00,1.529891e+13,2.578164e-07,6.918557e+02
5.760035e-01,4.742405e-01,5.712173e+08,1.916341e+00,1.541172e+13,4.928586e-06,3.709085e+02
5.760035e-01,8.597004e-01,8.878741e+08,1.922075e+00,1.557063e+13,2.532908e-05,2.416310e+02
5.760035e-01,1.312518e+00,1.261893e+09,1.933161e+00,1.579206e+13,8.491860e-05,1.736655e+02
5.760035e-01,1.839522e+00,1.701169e+09,1.952049e+00,1.609654e+13,2.295405e-04,1.328771e+02
5.760035e-01,2.446252e+00,2.214055e+09,1.981901e+00,1.650850e+13,5.458159e-04,1.063183e+02
5.760035e-01,3.136121e+00,2.809193e+09,2.026635e+00,1.705524e+13,1.194907e-03,8.794105e+01
5.760035e-01,3.909510e+00,3.495117e+09,2.090885e+00,1.776434e+13,2.475120e-03,7.451983e+01
5.760035e-01,4.762930e+00,4.279344e+09,2.179805e+00,1.865905e+13,4.937289e-03,6.419354e+01
5.760035e-01,5.688405e+00,5.166591e+09,2.298670e+00,1.975113e+13,9.591699e-03,5.585864e+01
5.760035e-01,6.673277e+00,6.155710e+09,2.452150e+00,2.103165e+13,1.826067e-02,4.887616e+01
5.760035e-01,7.700577e+00,7.235204e+09,2.643181e+00,2.246143e+13,3.413601e-02,4.290076e+01
5.760035e-01,8.750000e+00,8.377874e+09,2.871444e+00,2.396567e+13,6.258283e-02,3.776163e+01
5.760035e-01,9.799423e+00,9.484261e+09,3.131796e+00,2.543842e+13,1.116122e-01,3.355781e+01
5.760035e-01,1.082672e+01,1.039620e+10,3.413431e+00,2.676199e+13,1.918803e-01,3.040039e+01
5.760035e-01,1.181160e+01,1.093655e+10,3.700730e+00,2.783749e+13,3.162105e-01,2.835514e+01
5.760035e-01,1.273707e+01,1.096597e+10,3.976029e+00,2.861214e+13,4.996982e-01,2.747455e+01
5.760035e-01,1.359049e+01,1.043731e+10,4.223323e+00,2.908954e+13,7.616580e-01,2.785083e+01
5.760035e-01,1.436388e+01,9.413912e+09,4.431185e+00,2.931963e+13,1.121231e+00,2.969197e+01
5.760035e-01,1.505375e+01,8.042075e+09,4.465609e+00,2.937652e+13,1.555430e+00,3.343702e+01
5.760035e-01,1.566048e+01,6.524050e+09,4.467945e+00,2.934263e+13,1.832951e+00,3.981581e+01
5.760035e-01,1.618748e+01,5.013680e+09,4.468990e+00,2.927643e+13,1.531682e+00,5.038705e+01
5.760035e-01,1.664030e+01,3.606040e+09,4.469441e+00,2.921166e+13,7.227590e-01,6.867484e+01
5.760035e-01,1.702576e+01,2.350003e+09,4.469625e+00,2.916391e+13,1.719952e-01,1.041124e+02
5.760035e-01,1.735128e+01,1.262241e+09,4.469681e+00,2.913723e+13,9.673788e-03,1.927907e+02
1.011899e+00,1.487201e-01,3.039606e+08,1.913949e+00,1.527048e+13,7.130488e-07,6.926709e+02
1.011899e+00,4.742405e-01,5.700853e+08,1.916160e+00,1.538308e+13,1.363124e-05,3.713428e+02
1.011899e+00,8.597004e-01,8.861230e+08,1.921903e+00,1.554173e+13,7.005509e-05,2.419112e+02
1.011899e+00,1.312518e+00,1.259425e+09,1.933008e+00,1.576282e+13,2.348744e-04,1.738640e+02
1.011899e+00,1.839522e+00,1.697885e+09,1.951929e+00,1.606685e+13,6.349105e-04,1.330257e+02
1.011899e+00,2.446252e+00,2.209869e+09,1.981836e+00,1.647825e+13,1.509838e-03,1.064335e+02
1.011899e+00,3.136121e+00,2.804053e+09,2.026659e+00,1.702430e+13,3.305696e-03,8.803239e+01
1.011899e+00,3.909510e+00,3.489037e+09,2.091049e+00,1.773262e+13,6.848361e-03,7.459273e+01
1.011899e+00,4.762930e+00,4.272461e+09,2.180191e+00,1.862651e+13,1.366342e-02,6.425110e+01
1.011899e+00,5.688405e+00,5.159254e+09,2.299402e+00,1.971786e+13,2.655007e-02,5.590235e+01
1.011899e+00,6.673277e+00,6.148608e+09,2.453417e+00,2.099791e+13,5.055910e-02,4.890640e+01
1.011899e+00,7.700577e+00,7.229543e+09,2.645258e+00,2.242772e+13,9.453756e-02,4.291704e+01
1.011899e+00,8.750000e+00,8.375589e+09,2.874709e+00,2.393266e+13,1.733476e-01,3.776264e+01
1.011899e+00,9.799423e+00,9.487129e+09,3.136727e+00,2.540672e+13,3.090951e-01,3.354502e+01
1.011899e+00,1.082672e+01,1.040558e+10,3.420575e+00,2.673187e+13,5.309071e-01,3.037539e+01
1.011899e+00,1.181160e+01,1.095239e+10,3.710634e+00,2.780862e+13,8.729757e-01,2.832004e+01
1.011899e+00,1.273707e+01,1.098613e+10,3.989163e+00,2.858360e+13,1.373644e+00,2.743218e+01
1.011899e+00,1.359049e+01,1.045790e+10,4.240038e+00,2.906001e+13,2.081010e+00,2.780525e+01
1.011899e+00,1.436388e+01,9.430571e+09,4.451391e+00,2.928794e+13,3.055960e+00,2.964924e+01
1.011899e+00,1.505375e+01,8.053311e+09,4.466297e+00,2.934248e+13,4.323065e+00,3.340044e+01
1.011899e+00,1.566048e+01,6.531989e+09,4.468474e+00,2.930713e+13,5.425111e+00,3.977830e+01
1.011899e+00,1.618748e+01,5.019306e+09,4.469489e+00,2.924000e+13,5.022794e+00,5.034300e+01
1.011899e+00,1.664030e+01,3.609894e+09,4.469879e+00,2.917465e+13,2.440381e+00,6.861693e+01
1.011899e+00,1.702576e+01,2.352445e+09,4.469996e+00,2.912657e+13,5.674214e-01,1.040262e+02
1.011899e+00,1.735128e+01,1.263536e+09,4.470026e+00,2.909977e+13,3.149566e-02,1.926321e+02
1.496343e+00,1.487201e-01,3.028084e+08,1.913591e+00,1.521657e+13,1.493216e-06,6.942305e+02
1.496343e+00,4.742405e-01,5.679314e+08,1.915809e+00,1.532880e+13,2.854609e-05,3.721737e+02
1.496343e+00,8.597004e-01,8.827909e+08,1.921570e+00,1.548694e+13,1.467116e-04,2.424475e+02
1.496343e+00,1.312518e+00,1.254726e+09,1.932710e+00,1.570738e+13,4.919081e-04,1.742437e+02
1.496343e+00,1.839522e+00,1.691633e+09,1.951692e+00,1.601055e+13,1.329837e-03,1.333100e+02
1.496343e+00,2.446252e+00,2.201897e+09,1.981700e+00,1.642087e+13,3.162815e-03,1.066542e+02
1.496343e+00,3.136121e+00,2.794257e+09,2.026687e+00,1.696562e+13,6.926109e-03,8.820735e+01
1.496343e+00,3.909510e+00,3.477437e+09,2.091338e+00,1.767243e+13,1.435250e-02,7.473253e+01
1.496343e+00,4.762930e+00,4.259307e+09,2.180891e+00,1.856473e+13,2.864515e-02,6.436166e+01
1.496343e+00,5.688405e+00,5.145191e+09,2.300745e+00,1.965465e+13,5.568582e-02,5.598659e+01
1.496343e+00,6.673277e+00,6.134919e+09,2.455754e+00,2.093377e+13,1.060946e-01,4.896511e+01
1.496343e+00,7.700577e+00,7.218478e+09,2.649101e+00,2.236358e+13,1.984788e-01,4.294936e+01
1.496343e+00,8.750000e+00,8.370764e+09,2.880763e+00,2.386975e+13,3.640701e-01,3.776620e+01
1.496343e+00,9.799423e+00,9.491891e+09,3.145884e+00,2.534619e+13,6.490158e-01,3.352262e+01
1.496343e+00,1.082672e+01,1.042249e+10,3.433847e+00,2.667425e+13,1.113127e+00,3.033010e+01
1.496343e+00,1.181160e+01,1.098134e+10,3.729019e+00,2.775331e+13,1.823473e+00,2.825599e+01
1.496343e+00,1.273707e+01,1.102306e+10,4.013484e+00,2.852880e+13,2.847615e+00,2.735497e+01
1.496343e+00,1.359049e+01,1.049524e+10,4.270821e+00,2.900325e+13,4.261557e+00,2.772314e+01
1.496343e+00,1.436388e+01,9.459307e+09,4.461263e+00,2.922673e+13,6.199867e+00,2.957676e+01
1.496343e+00,1.505375e+01,8.073233e+09,4.467383e+00,2.927728e+13,8.948916e+00,3.333638e+01
1.496343e+00,1.566048e+01,6.546186e+09,4.469357e+00,2.923933e+13,1.249212e+01,3.971189e+01
1.496343e+00,1.618748e+01,5.029395e+09,4.470318e+00,2.917049e+13,1.454819e+01,5.026464e+01
1.496343e+00,1.664030e+01,3.616814e+09,4.470618e+00,2.910407e+13,7.421364e+00,6.851368e+01
1.496343e+00,1.702576e+01,2.356835e+09,4.470640e+00,2.905541e+13,1.570314e+00,1.038721e+02
1.496343e+00,1.735128e+01,1.265865e+09,4.470627e+00,2.902838e+13,8.357880e-02,1.923488e+02
2.033118e+00,1.487201e-01,3.009574e+08,1.913000e+00,1.513048e+13,2.662044e-06,6.967598e+02
2.033118e+00,4.742405e-01,5.644707e+08,1.915228e+00,1.524211e+13,5.089227e-05,3.735214e+02
2.033118e+00,8.597004e-01,8.774364e+08,1.921016e+00,1.539945e+13,2.615719e-04,2.433172e+02
2.033118e+00,1.312518e+00,1.247174e+09,1.932209e+00,1.561883e+13,8.770964e-04,1.748598e+02
2.033118e+00,1.839522e+00,1.681578e+09,1.951285e+00,1.592063e+13,2.371491e-03,1.337714e+02
2.033118e+00,2.446252e+00,2.189068e+09,1.981449e+00,1.632920e+13,5.641407e-03,1.070124e+02
2.033118e+00,3.136121e+00,2.778474e+09,2.026687e+00,1.687182e+13,1.235760e-02,8.849173e+01
2.033118e+00,3.909510e+00,3.458713e+09,2.091738e+00,1.757617e+13,2.561853e-02,7.496014e+01
2.033118e+00,4.762930e+00,4.238011e+09,2.181922e+00,1.846586e+13,5.115847e-02,6.454223e+01
2.033118e+00,5.688405e+00,5.122305e+09,2.302766e+00,1.955338e+13,9.952026e-02,5.612497e+01
2.033118e+00,6.673277e+00,6.112425e+09,2.459309e+00,2.083086e+13,1.897622e-01,4.906273e+01
2.033118e+00,7.700577e+00,7.199869e+09,2.654986e+00,2.226045e+13,3.552966e-01,4.300506e+01
2.033118e+00,8.750000e+00,8.361669e+09,2.890074e+00,2.376835e+13,6.521518e-01,3.777650e+01
2.033118e+00,9.799423e+00,9.497585e+09,3.160003e+00,2.524836e+13,1.162339e+00,3.349201e+01
2.033118e+00,1.082672e+01,1.044704e+10,3.454333e+00,2.658083e+13,1.989626e+00,3.026366e+01
2.033118e+00,1.181160e+01,1.102453e+10,3.757381e+00,2.766334e+13,3.242255e+00,2.816060e+01
2.033118e+00,1.273707e+01,1.107835e+10,4.050892e+00,2.843944e+13,5.007236e+00,2.724018e+01
2.033118e+00,1.359049e+01,1.055044e+10,4.317812e+00,2.891053e+13,7.338906e+00,2.760309e+01
2.033118e+00,1.436388e+01,9.499487e+09,4.464691e+00,2.912660e+13,1.037334e+01,2.947770e+01
2.033118e+00,1.505375e+01,8.101708e+09,4.468630e+00,2.917150e+13,1.473805e+01,3.324655e+01
2.033118e+00,1.566048e+01,6.566626e+09,4.470411e+00,2.912970e+13,2.299496e+01,3.961784e+01
2.033118e+00,1.618748e+01,5.043960e+09,4.471355e+00,2.905830e+13,4.554274e+01,5.015311e+01
2.033118e+00,1.664030e+01,3.626822e+09,4.471555e+00,2.899028e+13,2.499395e+01,6.836612e+01
2.033118e+00,1.702576e+01,2.363190e+09,4.471444e+00,2.894074e+13,3.598772e+00,1.036513e+02
2.033118e+00,1.735128e+01,1.269239e+09,4.471379e+00,2.891337e+13,1.704705e-01,1.919420e+02
2.625886e+00,1.487201e-01,2.982094e+08,1.912087e+00,1.500385e+13,4.264471e-06,7.005693e+02
2.625886e+00,4.742405e-01,5.593325e+08,1.914330e+00,1.511459e+13,8.153053e-05,3.755512e+02
2.625886e+00,8.597004e-01,8.694845e+08,1.920155e+00,1.527074e+13,4.190740e-04,2.446275e+02
2.625886e+00,1.312518e+00,1.235954e+09,1.931421e+00,1.548853e+13,1.405403e-03,1.757881e+02
2.625886e+00,1.839522e+00,1.666629e+09,1.950625e+00,1.578828e+13,3.800683e-03,1.344669e+02
2.625886e+00,2.446252e+00,2.169973e+09,1.981003e+00,1.619424e+13,9.043986e-03,1.075529e+02
2.625886e+00,3.136121e+00,2.754941e+09,2.026587e+00,1.673365e+13,1.981977e-02,8.892143e+01
2.625886e+00,3.909510e+00,3.430717e+09,2.092190e+00,1.743427e+13,4.111351e-02,7.530498e+01
2.625886e+00,4.762930e+00,4.206026e+09,2.183249e+00,1.831994e+13,8.216773e-02,6.481707e+01
2.625886e+00,5.688405e+00,5.087675e+09,2.305470e+00,1.940365e+13,1.600078e-01,5.633738e+01
2.625886e+00,6.673277e+00,6.077909e+09,2.464155e+00,2.067836e+13,3.054684e-01,4.921517e+01
2.625886e+00,7.700577e+00,7.170386e+09,2.663095e+00,2.210718e+13,5.726751e-01,4.309625e+01
2.625886e+00,8.750000e+00,8.345146e+09,2.902991e+00,2.361707e+13,1.052324e+00,3.780208e+01
2.625886e+00,9.799423e+00,9.501635e+09,3.179683e+00,2.510177e+13,1.875623e+00,3.345859e+01
2.625886e+00,1.082672e+01,1.047758e+10,3.482958e+00,2.644018e+13,3.203525e+00,3.017896e+01
2.625886e+00,1.181160e+01,1.108124e+10,3.797022e+00,2.752728e+13,5.187732e+00,2.803544e+01
2.625886e+00,1.273707e+01,1.115146e+10,4.103054e+00,2.830384e+13,7.903617e+00,2.708977e+01
2.625886e+00,1.359049e+01,1.062209e+10,4.382910e+00,2.876964e+13,1.126163e+01,2.744958e+01
2.625886e+00,1.436388e+01,9.549586e+09,4.467021e+00,2.897509e+13,1.501360e+01,2.935720e+01
2.625886e+00,1.505375e+01,8.137301e+09,4.469962e+00,2.901251e+13,1.844231e+01,3.313711e+01
2.625886e+00,1.566048e+01,6.592210e+09,4.471376e+00,2.896555e+13,2.020282e+01,3.950292e+01
2.625886e+00,1.618748e+01,5.062181e+09,4.472058e+00,2.889069e+13,1.785100e+01,5.001650e+01
2.625886e+00,1.664030e+01,3.639360e+09,4.472235e+00,2.882050e+13,8.386186e+00,6.818443e+01
2.625886e+00,1.702576e+01,2.371172e+09,4.472223e+00,2.876977e+13,1.844983e+00,1.033779e+02
2.625886e+00,1.735128e+01,1.273483e+09,4.472198e+00,2.874194e+13,1.003383e-01,1.914368e+02
3.278073e+00,1.487201e-01,2.943185e+08,1.910727e+00,1.482680e+13,6.305081e-06,7.060777e+02
3.278073e+00,4.742405e-01,5.520560e+08,1.912988e+00,1.493629e+13,1.205512e-04,3.784865e+02
3.278073e+00,8.597004e-01,8.582198e+08,1.918859e+00,1.509075e+13,6.197052e-04,2.465225e+02
3.278073e+00,1.312518e+00,1.220051e+09,1.930216e+00,1.530631e+13,2.078592e-03,1.771312e+02
3.278073e+00,1.839522e+00,1.645421e+09,1.949582e+00,1.560312e+13,5.622769e-03,1.354739e+02
3.278073e+00,2.446252e+00,2.142841e+09,1.980229e+00,1.600534e+13,1.338540e-02,1.083363e+02
3.278073e+00,3.136121e+00,2.721422e+09,2.026251e+00,1.654010e+13,2.935189e-02,8.954545e+01
3.278073e+00,3.909510e+00,3.390689e+09,2.092556e+00,1.723526e+13,6.093861e-02,7.580750e+01
3.278073e+00,4.762930e+00,4.160017e+09,2.184734e+00,1.811495e+13,1.219281e-01,6.522004e+01
3.278073e+00,5.688405e+00,5.037354e+09,2.308725e+00,1.919284e+13,2.377794e-01,5.665225e+01
3.278073e+00,6.673277e+00,6.026835e+09,2.470179e+00,2.046296e+13,4.547348e-01,4.944610e+01
3.278073e+00,7.700577e+00,7.125012e+09,2.673361e+00,2.188979e+13,8.541565e-01,4.324213e+01
3.278073e+00,8.750000e+00,8.315794e+09,2.919543e+00,2.340140e+13,1.572380e+00,3.785861e+01
3.278073e+00,9.799423e+00,9.498668e+09,3.205101e+00,2.489151e+13,2.804147e+00,3.343474e+01
3.278073e+00,1.082672e+01,1.050918e+10,3.520116e+00,2.623717e+13,4.779939e+00,3.008594e+01
3.278073e+00,1.181160e+01,1.114693e+10,3.848595e+00,2.732978e+13,7.691464e+00,2.788953e+01
3.278073e+00,1.273707e+01,1.123730e+10,4.170924e+00,2.810609e+13,1.156791e+01,2.691481e+01
3.278073e+00,1.359049e+01,1.070260e+10,4.460063e+00,2.856360e+13,1.612106e+01,2.728093e+01
3.278073e+00,1.436388e+01,9.604288e+09,4.469035e+00,2.875569e+13,2.076709e+01,2.922998e+01
3.278073e+00,1.505375e+01,8.176086e+09,4.471379e+00,2.878399e+13,2.374133e+01,3.302220e+01
3.278073e+00,1.566048e+01,6.620159e+09,4.472602e+00,2.873067e+13,2.260052e+01,3.938154e+01
3.278073e+00,1.618748e+01,5.082139e+09,4.473122e+00,2.865149e+13,1.596416e+01,4.987078e+01
3.278073e+00,1.664030e+01,3.653110e+09,4.473254e+00,2.857856e+13,6.962944e+00,6.798903e+01
3.278073e+00,1.702576e+01,2.379926e+09,4.473240e+00,2.852632e+13,1.611422e+00,1.030823e+02
3.278073e+00,1.735128e+01,1.278139e+09,4.473217e+00,2.849790e+13,8.992435e-02,1.908895e+02
3.992723e+00,1.487201e-01,2.889861e+08,1.908745e+00,1.458813e+13,8.720283e-06,7.138517e+02
3.992723e+00,4.742405e-01,5.420819e+08,1.911026e+00,1.469591e+13,1.667425e-04,3.826294e+02
3.992723e+00,8.597004e-01,8.427728e+08,1.916950e+00,1.484808e+13,8.572686e-04,2.491979e+02
3.992723e+00,1.312518e+00,1.198226e+09,1.928413e+00,1.506055e+13,2.876070e-03,1.790281e+02
3.992723e+00,1.839522e+00,1.616281e+09,1.947964e+00,1.535331e+13,7.782862e-03,1.368970e+02
3.992723e+00,2.446252e+00,2.105489e+09,1.978922e+00,1.575028e+13,1.853803e-02,1.094451e+02
3.992723e+00,3.136121e+00,2.675135e+09,2.025453e+00,1.627852e+13,4.068389e-02,9.043079e+01
3.992723e+00,3.909510e+00,3.335145e+09,2.092579e+00,1.696588e+13,8.456172e-02,7.652358e+01
3.992723e+00,4.762930e+00,4.095680e+09,2.186077e+00,1.783687e+13,1.694534e-01,6.579859e+01
3.992723e+00,5.688405e+00,4.966095e+09,2.312177e+00,1.890598e+13,3.311154e-01,5.711038e+01
3.992723e+00,6.673277e+00,5.952901e+09,2.476963e+00,2.016863e+13,6.347746e-01,4.979066e+01
3.992723e+00,7.700577e+00,7.056416e+09,2.685299e+00,2.159111e+13,1.195680e+00,4.347227e+01
3.992723e+00,8.750000e+00,8.264844e+09,2.939180e+00,2.310307e+13,2.207168e+00,3.797289e+01
3.992723e+00,9.799423e+00,9.478909e+09,3.235679e+00,2.459841e+13,3.942384e+00,3.344397e+01
3.992723e+00,1.082672e+01,1.053152e+10,3.565242e+00,2.595197e+13,6.712287e+00,3.000564e+01
3.992723e+00,1.181160e+01,1.121091e+10,3.911580e+00,2.705042e+13,1.073837e+01,2.774336e+01
3.992723e+00,1.273707e+01,1.132349e+10,4.254039e+00,2.782490e+13,1.596845e+01,2.673974e+01
3.992723e+00,1.359049e+01,1.077115e+10,4.466609e+00,2.826839e+13,2.205909e+01,2.714402e+01
3.992723e+00,1.436388e+01,9.652415e+09,4.470871e+00,2.844700e+13,2.843334e+01,2.912455e+01
3.992723e+00,1.505375e+01,8.210346e+09,4.472914e+00,2.846525e+13,3.374972e+01,3.292725e+01
3.992723e+00,1.566048e+01,6.644834e+09,4.474017e+00,2.840467e+13,3.554522e+01,3.928061e+01
3.992723e+00,1.618748e+01,5.099764e+09,4.474525e+00,2.832045e+13,2.959159e+01,4.974756e+01
3.992723e+00,1.664030e+01,3.665239e+09,4.474583e+00,2.824428e+13,1.367252e+01,6.782121e+01
3.992723e+00,1.702576e+01,2.387637e+09,4.474486e+00,2.819025e+13,3.065396e+00,1.028259e+02
3.992723e+00,1.735128e+01,1.282236e+09,4.474422e+00,2.816113e+13,1.681796e-01,1.904122e+02
4.772336e+00,1.487201e-01,2.818598e+08,1.905910e+00,1.427554e+13,1.134859e-05,7.246680e+02
4.772336e+00,4.742405e-01,5.287490e+08,1.908211e+00,1.438107e+13,2.170215e-04,3.883942e+02
4.772336e+00,8.597004e-01,8.221134e+08,1.914189e+00,1.453017e+13,1.115955e-03,2.529214e+02
4.772336e+00,1.312518e+00,1.169011e+09,1.925758e+00,1.473851e+13,3.745024e-03,1.816693e+02
4.772336e+00,1.839522e+00,1.577216e+09,1.945499e+00,1.502577e+13,1.013906e-02,1.388803e+02
4.772336e+00,2.446252e+00,2.055295e+09,1.976778e+00,1.541560e+13,2.416758e-02,1.109925e+02
4.772336e+00,3.136121e+00,2.612700e+09,2.023839e+00,1.593482e+13,5.309413e-02,9.166998e+01
4.772336e+00,3.909510e+00,3.259787e+09,2.091835e+00,1.661126e+13,1.105187e-01,7.753085e+01
4.772336e+00,4.762930e+00,4.007587e+09,2.186750e+00,1.746979e+13,2.219094e-01,6.661951e+01
4.772336e+00,5.688405e+00,4.867064e+09,2.315152e+00,1.852585e+13,4.347433e-01,5.777036e+01
4.772336e+00,6.673277e+00,5.847510e+09,2.483635e+00,1.977656e+13,8.361651e-01,5.030107e+01
4.772336e+00,7.700577e+00,6.953825e+09,2.697781e+00,2.119051e+13,1.581218e+00,4.383371e+01
4.772336e+00,8.750000e+00,8.178796e+09,2.960477e+00,2.269955e+13,2.930887e+00,3.818840e+01
4.772336e+00,9.799423e+00,9.426210e+09,3.269678e+00,2.419823e+13,5.251802e+00,3.352616e+01
4.772336e+00,1.082672e+01,1.052632e+10,3.616323e+00,2.555896e+13,8.945276e+00,2.997519e+01
4.772336e+00,1.181160e+01,1.125360e+10,3.983721e+00,2.666270e+13,1.423775e+01,2.763257e+01
4.772336e+00,1.273707e+01,1.139064e+10,4.349668e+00,2.743347e+13,2.089622e+01,2.659902e+01
4.772336e+00,1.359049e+01,1.081423e+10,4.469223e+00,2.785881e+13,2.848610e+01,2.706186e+01
4.772336e+00,1.436388e+01,9.679726e+09,4.472496e+00,2.802324e+13,3.667620e+01,2.907301e+01
4.772336e+00,1.505375e+01,8.228209e+09,4.474300e+00,2.803081e+13,4.671382e+01,3.288826e+01
4.772336e+00,1.566048e+01,6.656944e+09,4.475433e+00,2.796239e+13,6.366067e+01,3.924161e+01
4.772336e+00,1.618748e+01,5.108085e+09,4.476027e+00,2.787265e+13,9.980418e+01,4.969805e+01
4.772336e+00,1.664030e+01,3.670819e+09,4.475993e+00,2.779291e+13,5.277335e+01,6.774941e+01
4.772336e+00,1.702576e+01,2.391128e+09,4.475760e+00,2.773689e+13,8.568511e+00,1.027109e+02
4.772336e+00,1.735128e+01,1.284080e+09,4.475624e+00,2.770700e+13,4.219874e-01,1.901934e+02
5.618700e+00,1.487201e-01,2.725381e+08,1.901929e+00,1.387616e+13,1.390913e-05,7.396070e+02
5.618700e+00,4.742405e-01,5.113039e+08,1.904247e+00,1.397878e+13,2.660226e-04,3.963570e+02
5.618700e+00,8.597004e-01,7.950664e+08,1.910270e+00,1.412389e+13,1.368210e-03,2.580657e+02
5.618700e+00,1.312518e+00,1.130724e+09,1.921928e+00,1.432679e+13,4.593202e-03,1.853199e+02
5.618700e+00,1.839522e+00,1.525932e+09,1.941829e+00,1.460676e+13,1.244254e-02,1.416238e+02
5.618700e+00,2.446252e+00,1.989221e+09,1.973384e+00,1.498702e+13,2.968441e-02,1.131366e+02
5.618700e+00,3.136121e+00,2.530163e+09,2.020914e+00,1.549400e+13,6.529860e-02,9.339198e+01
5.618700e+00,3.909510e+00,3.159504e+09,2.089698e+00,1.615541e+13,1.361711e-01,7.893804e+01
5.618700e+00,4.762930e+00,3.889140e+09,2.185941e+00,1.699637e+13,2.740967e-01,6.777704e+01
5.618700e+00,5.688405e+00,4.731693e+09,2.316568e+00,1.803332e+13,5.387489e-01,5.871612e+01
5.618700e+00,6.673277e+00,5.699415e+09,2.488733e+00,1.926536e+13,1.040577e+00,5.105410e+01
5.618700e+00,7.700577e+00,6.802197e+09,2.708834e+00,2.066391e+13,1.978091e+00,4.439903e+01
5.618700e+00,8.750000e+00,8.038179e+09,2.980815e+00,2.216380e+13,3.688297e+00,3.857234e+01
5.618700e+00,9.799423e+00,9.316082e+09,3.303761e+00,2.366102e+13,6.646621e+00,3.374428e+01
5.618700e+00,1.082672e+01,1.046443e+10,3.669375e+00,2.502584e+13,1.136005e+01,3.005421e+01
5.618700e+00,1.181160e+01,1.124248e+10,4.060673e+00,2.613273e+13,1.803199e+01,2.761518e+01
5.618700e+00,1.273707e+01,1.140499e+10,4.453289e+00,2.689724e+13,2.603917e+01,2.655101e+01
5.618700e+00,1.359049e+01,1.080716e+10,4.471154e+00,2.730285e+13,3.422248e+01,2.707780e+01
5.618700e+00,1.436388e+01,9.665055e+09,4.473846e+00,2.745306e+13,4.024217e+01,2.912079e+01
5.618700e+00,1.505375e+01,8.212279e+09,4.475327e+00,2.744994e+13,4.213297e+01,3.295528e+01
5.618700e+00,1.566048e+01,6.642586e+09,4.476085e+00,2.737354e+13,3.830202e+01,3.932393e+01
5.618700e+00,1.618748e+01,5.096486e+09,4.476394e+00,2.727817e+13,2.775290e+01,4.979743e+01
5.618700e+00,1.664030e+01,3.662312e+09,4.476417e+00,2.719480e+13,1.210079e+01,6.787484e+01
5.618700e+00,1.702576e+01,2.385552e+09,4.476350e+00,2.713677e+13,2.700083e+00,1.028885e+02
5.618700e+00,1.735128e+01,1.281085e+09,4.476309e+00,2.710614e+13,1.482447e-01,1.905100e+02
6.532698e+00,1.487201e-01,2.605901e+08,1.896468e+00,1.337732e+13,1.600558e-05,7.602016e+02
6.532698e+00,4.742405e-01,4.889365e+08,1.898794e+00,1.347626e+13,3.061693e-04,4.073349e+02
6.532698e+00,8.597004e-01,7.603659e+08,1.904838e+00,1.361627e+13,1.575084e-03,2.651591e+02
6.532698e+00,1.312518e+00,1.081548e+09,1.916539e+00,1.381216e+13,5.289930e-03,1.903553e+02
6.532698e+00,1.839522e+00,1.459940e+09,1.936522e+00,1.408264e+13,1.433972e-02,1.454106e+02
6.532698e+00,2.446252e+00,1.903948e+09,1.968229e+00,1.445030e+13,3.424645e-02,1.161002e+02
6.532698e+00,3.136121e+00,2.423154e+09,2.016039e+00,1.494101e+13,7.544995e-02,9.577895e+01
6.532698e+00,3.909510e+00,3.028568e+09,2.085343e+00,1.558207e+13,1.576825e-01,8.089877e+01
6.532698e+00,4.762930e+00,3.732792e+09,2.182541e+00,1.639869e+13,3.183412e-01,6.940475e+01
6.532698e+00,5.688405e+00,4.549917e+09,2.314899e+00,1.740826e+13,6.281951e-01,6.006726e+01
6.532698e+00,6.673277e+00,5.494948e+09,2.490131e+00,1.861192e+13,1.219609e+00,5.216014e+01
6.532698e+00,7.700577e+00,6.582576e+09,2.715491e+00,1.998448e+13,2.333742e+00,4.527352e+01
6.532698e+00,8.750000e+00,7.817227e+09,2.996119e+00,2.146469e+13,4.386562e+00,3.922417e+01
6.532698e+00,9.799423e+00,9.114629e+09,3.332535e+00,2.295129e+13,7.977031e+00,3.419253e+01
6.532698e+00,1.082672e+01,1.030390e+10,3.717779e+00,2.431342e+13,1.375606e+01,3.033227e+01
6.532698e+00,1.181160e+01,1.112863e+10,4.135464e+00,2.541865e+13,2.196664e+01,2.778005e+01
6.532698e+00,1.273707e+01,1.130566e+10,4.467833e+00,2.617060e+13,3.179039e+01,2.670700e+01
6.532698e+00,1.359049e+01,1.071070e+10,4.472850e+00,2.656106e+13,4.120460e+01,2.726360e+01
6.532698e+00,1.436388e+01,9.578429e+09,4.475199e+00,2.669932e+13,4.654086e+01,2.933207e+01
6.532698e+00,1.505375e+01,8.139095e+09,4.476448e+00,2.668682e+13,4.466281e+01,3.319440e+01
6.532698e+00,1.566048e+01,6.583872e+09,4.477031e+00,2.660326e+13,3.482222e+01,3.960104e+01
6.532698e+00,1.618748e+01,5.051784e+09,4.477257e+00,2.650273e+13,2.052556e+01,5.013423e+01
6.532698e+00,1.664030e+01,3.630387e+09,4.477283e+00,2.641598e+13,8.154176e+00,6.831604e+01
6.532698e+00,1.702576e+01,2.364844e+09,4.477249e+00,2.635608e+13,1.832758e+00,1.035381e+02
6.532698e+00,1.735128e+01,1.269991e+09,4.477226e+00,2.632478e+13,1.014820e-01,1.916951e+02
7.514138e+00,1.487201e-01,2.455935e+08,1.889193e+00,1.276766e+13,1.717691e-05,7.886861e+02
7.514138e+00,4.742405e-01,4.608525e+08,1.891511e+00,1.286206e+13,3.286413e-04,4.225184e+02
7.514138e+00,8.597004e-01,7.167686e+08,1.897533e+00,1.299568e+13,1.691175e-03,2.749705e+02
7.514138e+00,1.312518e+00,1.019694e+09,1.909196e+00,1.318272e+13,5.682552e-03,1.973212e+02
7.514138e+00,1.839522e+00,1.376779e+09,1.929121e+00,1.344110e+13,1.541600e-02,1.506515e+02
7.514138e+00,2.446252e+00,1.796169e+09,1.960755e+00,1.379256e+13,3.686075e-02,1.202061e+02
7.514138e+00,3.136121e+00,2.287280e+09,2.008500e+00,1.426206e+13,8.135167e-02,9.909340e+01
7.514138e+00,3.909510e+00,2.861141e+09,2.077810e+00,1.487618e+13,1.704365e-01,8.363358e+01
7.514138e+00,4.762930e+00,3.530711e+09,2.175219e+00,1.565990e+13,3.452542e-01,7.169367e+01
7.514138e+00,5.688405e+00,4.311053e+09,2.308258e+00,1.663121e+13,6.843825e-01,6.199440e+01
7.514138e+00,6.673277e+00,5.219186e+09,2.485117e+00,1.779331e+13,1.336564e+00,5.377657e+01
7.514138e+00,7.700577e+00,6.273554e+09,2.713844e+00,1.912466e+13,2.577170e+00,4.660728e+01
7.514138e+00,8.750000e+00,7.485481e+09,3.000798e+00,2.056905e+13,4.892276e+00,4.028700e+01
7.514138e+00,9.799423e+00,8.780061e+09,3.348181e+00,2.202982e+13,9.007990e+00,3.500674e+01
7.514138e+00,1.082672e+01,9.991916e+09,3.751087e+00,2.337737e+13,1.577225e+01,3.093559e+01
7.514138e+00,1.181160e+01,1.085490e+10,4.195259e+00,2.447408e+13,2.564950e+01,2.823687e+01
7.514138e+00,1.273707e+01,1.104982e+10,4.470004e+00,2.521135e+13,3.811759e+01,2.713846e+01
7.514138e+00,1.359049e+01,1.048164e+10,4.474293e+00,2.559065e+13,5.121617e+01,2.769955e+01
7.514138e+00,1.436388e+01,9.382226e+09,4.476534e+00,2.572034e+13,6.130093e+01,2.979102e+01
7.514138e+00,1.505375e+01,7.977657e+09,4.477736e+00,2.570108e+13,6.448299e+01,3.369782e+01
7.514138e+00,1.566048e+01,6.456232e+09,4.478287e+00,2.561225e+13,5.751861e+01,4.018080e+01
7.514138e+00,1.618748e+01,4.955334e+09,4.478479e+00,2.550783e+13,3.995188e+01,5.084384e+01
7.514138e+00,1.664030e+01,3.561737e+09,4.478464e+00,2.541851e+13,1.714344e+01,6.925667e+01
7.514138e+00,1.702576e+01,2.320370e+09,4.478394e+00,2.535721e+13,3.856247e+00,1.049373e+02
7.514138e+00,1.735128e+01,1.246170e+09,4.478355e+00,2.532544e+13,2.126977e-01,1.942620e+02
8.561582e+00,1.487201e-01,2.271976e+08,1.879853e+00,1.203865e+13,1.701042e-05,8.284485e+02
8.561582e+00,4.742405e-01,4.263914e+08,1.882139e+00,1.212755e+13,3.255337e-04,4.437115e+02
8.561582e+00,8.597004e-01,6.632384e+08,1.888079e+00,1.225337e+13,1.675713e-03,2.886639e+02
8.561582e+00,1.312518e+00,9.436652e+08,1.899584e+00,1.242949e+13,5.633543e-03,2.070420e+02
8.561582e+00,1.839522e+00,1.274382e+09,1.919244e+00,1.267283e+13,1.529593e-02,1.579649e+02
8.561582e+00,2.446252e+00,1.663092e+09,1.950472e+00,1.300393e+13,3.662089e-02,1.259379e+02
8.561582e+00,3.136121e+00,2.118797e+09,1.997636e+00,1.344650e+13,8.097503e-02,1.037268e+02
8.561582e+00,3.909510e+00,2.652184e+09,2.066170e+00,1.402595e+13,1.700988e-01,8.746888e+01
8.561582e+00,4.762930e+00,3.276036e+09,2.162636e+00,1.476646e+13,3.458194e-01,7.492395e+01
8.561582e+00,5.688405e+00,4.005551e+09,2.294675e+00,1.568618e+13,6.887996e-01,6.474517e+01
8.561582e+00,6.673277e+00,4.858468e+09,2.470754e+00,1.678992e+13,1.353591e+00,5.612915e+01
8.561582e+00,7.700577e+00,5.854917e+09,2.699485e+00,1.805989e+13,2.630875e+00,4.861370e+01
8.561582e+00,8.750000e+00,7.012600e+09,2.988219e+00,1.944581e+13,5.047113e+00,4.196520e+01
8.561582e+00,9.799423e+00,8.268280e+09,3.340755e+00,2.085803e+13,9.422206e+00,3.638217e+01
8.561582e+00,1.082672e+01,9.469356e+09,3.754467e+00,2.217205e+13,1.679770e+01,3.204753e+01
8.561582e+00,1.181160e+01,1.035385e+10,4.218100e+00,2.324967e+13,2.797762e+01,2.914790e+01
8.561582e+00,1.273707e+01,1.058359e+10,4.471178e+00,2.397375e+13,4.308771e+01,2.796121e+01
8.561582e+00,1.359049e+01,1.006832e+10,4.475336e+00,2.434606e+13,6.126278e+01,2.850137e+01
8.561582e+00,1.436388e+01,9.030156e+09,4.477536e+00,2.447166e+13,8.118757e+01,3.062026e+01
8.561582e+00,1.505375e+01,7.688580e+09,4.478675e+00,2.444964e+13,1.033695e+02,3.460374e+01
8.561582e+00,1.566048e+01,6.227730e+09,4.479130e+00,2.435879e+13,1.315433e+02,4.122875e+01
8.561582e+00,1.618748e+01,4.782573e+09,4.479139e+00,2.425292e+13,1.731660e+02,5.213736e+01
8.561582e+00,1.664030e+01,3.438727e+09,4.479139e+00,2.416270e+13,8.879024e+01,7.098546e+01
8.561582e+00,1.702576e+01,2.240666e+09,4.479139e+00,2.410098e+13,1.573157e+01,1.075242e+02
8.561582e+00,1.735128e+01,1.203473e+09,4.479114e+00,2.406921e+13,7.994541e-01,1.990220e+02
9.672215e+00,1.487201e-01,2.052067e+08,1.868405e+00,1.118624e+13,1.530682e-05,8.849200e+02
9.672215e+00,4.742405e-01,3.851822e+08,1.870629e+00,1.126865e+13,2.930140e-04,4.738042e+02
9.672215e+00,8.597004e-01,5.991917e+08,1.876410e+00,1.138518e+13,1.508822e-03,3.081021e+02
9.672215e+00,1.312518e+00,8.526163e+08,1.887607e+00,1.154819e+13,5.075231e-03,2.208348e+02
9.672215e+00,1.839522e+00,1.151571e+09,1.906743e+00,1.177334e+13,1.379201e-02,1.683360e+02
9.672215e+00,2.446252e+00,1.503109e+09,1.937142e+00,1.207964e+13,3.306415e-02,1.340629e+02
9.672215e+00,3.136121e+00,1.915522e+09,1.983064e+00,1.248909e+13,7.325203e-02,1.102955e+02
9.672215e+00,3.909510e+00,2.398720e+09,2.049817e+00,1.302538e+13,1.542922e-01,9.291390e+01
9.672215e+00,4.762930e+00,2.964637e+09,2.143827e+00,1.371126e+13,3.148290e-01,7.952724e+01
9.672215e+00,5.688405e+00,3.627568e+09,2.272619e+00,1.456425e+13,6.300588e-01,6.869475e+01
9.672215e+00,6.673277e+00,4.404302e+09,2.444618e+00,1.559010e+13,1.245611e+00,5.955260e+01
9.672215e+00,7.700577e+00,5.313952e+09,2.668561e+00,1.677437e+13,2.438876e+00,5.160014e+01
9.672215e+00,8.750000e+00,6.377308e+09,2.952245e+00,1.807323e+13,4.722678e+00,4.455457e+01
9.672215e+00,9.799423e+00,7.545131e+09,3.300394e+00,1.940634e+13,8.923235e+00,3.860279e+01
9.672215e+00,1.082672e+01,8.685107e+09,3.711872e+00,2.065921e+13,1.614706e+01,3.393962e+01
9.672215e+00,1.181160e+01,9.559359e+09,4.177258e+00,2.170047e+13,2.736579e+01,3.076467e+01
9.672215e+00,1.273707e+01,9.845165e+09,4.471186e+00,2.241318e+13,4.280731e+01,2.937521e+01
9.672215e+00,1.359049e+01,9.412639e+09,4.475532e+00,2.278325e+13,6.130891e+01,2.985642e+01
9.672215e+00,1.436388e+01,8.470252e+09,4.477749e+00,2.291065e+13,7.936188e+01,3.201299e+01
9.672215e+00,1.505375e+01,7.227661e+09,4.478793e+00,2.289171e+13,9.128227e+01,3.612695e+01
9.672215e+00,1.566048e+01,5.862631e+09,4.479139e+00,2.280394e+13,8.901091e+01,4.299992e+01
9.672215e+00,1.618748e+01,4.506186e+09,4.479139e+00,2.270065e+13,6.646765e+01,5.433749e+01
9.672215e+00,1.664030e+01,3.241731e+09,4.479139e+00,2.261233e+13,2.951150e+01,7.394406e+01
9.672215e+00,1.702576e+01,2.112930e+09,4.479139e+00,2.255187e+13,6.704241e+00,1.119713e+02
9.672215e+00,1.735128e+01,1.135017e+09,4.479139e+00,2.252086e+13,3.707876e-01,2.072233e+02
1.084175e+01,1.487201e-01,1.796676e+08,1.855151e+00,1.021254e+13,1.224045e-05,9.674914e+02
1.084175e+01,4.742405e-01,3.373097e+08,1.857282e+00,1.028747e+13,2.343935e-04,5.177915e+02
1.084175e+01,8.597004e-01,5.247567e+08,1.862822e+00,1.039325e+13,1.207383e-03,3.365019e+02
1.084175e+01,1.312518e+00,7.467258e+08,1.873551e+00,1.054102e+13,4.063460e-03,2.409710e+02
1.084175e+01,1.839522e+00,1.008581e+09,1.891884e+00,1.074488e+13,1.105193e-02,1.834606e+02
1.084175e+01,2.446252e+00,1.316517e+09,1.921000e+00,1.102200e+13,2.652965e-02,1.458965e+02
1.084175e+01,3.136121e+00,1.677816e+09,1.964965e+00,1.139223e+13,5.888588e-02,1.198513e+02
1.084175e+01,3.909510e+00,2.101170e+09,2.028836e+00,1.187693e+13,1.243565e-01,1.008307e+02
1.084175e+01,4.762930e+00,2.597002e+09,2.118716e+00,1.249673e+13,2.546278e-01,8.622583e+01
1.084175e+01,5.688405e+00,3.177676e+09,2.241740e+00,1.326764e+13,5.118401e-01,7.446068e+01
1.084175e+01,6.673277e+00,3.857466e+09,2.405883e+00,1.419540e+13,1.017378e+00,6.458459e+01
1.084175e+01,7.700577e+00,4.652191e+09,2.619437e+00,1.526810e+13,2.004536e+00,5.604060e+01
1.084175e+01,8.750000e+00,5.578581e+09,2.889869e+00,1.644825e+13,3.908301e+00,4.850769e+01
1.084175e+01,9.799423e+00,6.604219e+09,3.221829e+00,1.766646e+13,7.449543e+00,4.209825e+01
1.084175e+01,1.082672e+01,7.621542e+09,3.614448e+00,1.882283e+13,1.362179e+01,3.702422e+01
1.084175e+01,1.181160e+01,8.436009e+09,4.058835e+00,1.980133e+13,2.337923e+01,3.348191e+01
1.084175e+01,1.273707e+01,8.782525e+09,4.469484e+00,2.049768e+13,3.696910e+01,3.173319e+01
1.084175e+01,1.359049e+01,8.462720e+09,4.474808e+00,2.086949e+13,5.412605e+01,3.208962e+01
1.084175e+01,1.436388e+01,7.655615e+09,4.477349e+00,2.100583e+13,7.361802e+01,3.429622e+01
1.084175e+01,1.505375e+01,6.555082e+09,4.478673e+00,2.099783e+13,9.593452e+01,3.862452e+01
1.084175e+01,1.566048e+01,5.328765e+09,4.479139e+00,2.092029e+13,1.239909e+02,4.591468e+01
1.084175e+01,1.618748e+01,4.101396e+09,4.479139e+00,2.082527e+13,1.626409e+02,5.797691e+01
1.084175e+01,1.664030e+01,2.952900e+09,4.479139e+00,2.074288e+13,8.354070e+01,7.886170e+01
1.084175e+01,1.702576e+01,1.925520e+09,4.479139e+00,2.068613e+13,1.498192e+01,1.193883e+02
1.084175e+01,1.735128e+01,1.034542e+09,4.479130e+00,2.065699e+13,7.643617e-01,2.209246e+02
1.206440e+01,1.487201e-01,1.509350e+08,1.840850e+00,9.127049e+12,8.412757e-06,1.000000e+03
1.206440e+01,4.742405e-01,2.834353e+08,1.842862e+00,9.193631e+12,1.611606e-04,5.851925e+02
1.206440e+01,8.597004e-01,4.409650e+08,1.848091e+00,9.287349e+12,8.304398e-04,3.799932e+02
1.206440e+01,1.312518e+00,6.274726e+08,1.858215e+00,9.417974e+12,2.796264e-03,2.717775e+02
1.206440e+01,1.839522e+00,8.474405e+08,1.875507e+00,9.597852e+12,7.611414e-03,2.065669e+02
1.206440e+01,2.446252e+00,1.106027e+09,1.902948e+00,9.841982e+12,1.829291e-02,1.639412e+02
1.206440e+01,3.136121e+00,1.409263e+09,1.944335e+00,1.016767e+13,4.067432e-02,1.343908e+02
1.206440e+01,3.909510e+00,1.764277e+09,2.004356e+00,1.059350e+13,8.610387e-02,1.128497e+02
1.206440e+01,4.762930e+00,2.179466e+09,2.088617e+00,1.113729e+13,1.768620e-01,9.637776e+01
1.206440e+01,5.688405e+00,2.664494e+09,2.203592e+00,1.181277e+13,3.569320e-01,8.319437e+01
1.206440e+01,6.673277e+00,3.229927e+09,2.356413e+00,1.262468e+13,7.128056e-01,7.221907e+01
1.206440e+01,7.700577e+00,3.886335e+09,2.554366e+00,1.356269e+13,1.411635e+00,6.281381e+01
1.206440e+01,8.750000e+00,4.642799e+09,2.803847e+00,1.459495e+13,2.765526e+00,5.461014e+01
1.206440e+01,9.799423e+00,5.480760e+09,3.108523e+00,1.566342e+13,5.302769e+00,4.759234e+01
1.206440e+01,1.082672e+01,6.317178e+09,3.466706e+00,1.668523e+13,9.752505e+00,4.199350e+01
1.206440e+01,1.181160e+01,7.006697e+09,3.868500e+00,1.756492e+13,1.678750e+01,3.800222e+01
1.206440e+01,1.273707e+01,7.356588e+09,4.293957e+00,1.821764e+13,2.630214e+01,3.583451e+01
1.206440e+01,1.359049e+01,7.188191e+09,4.472392e+00,1.859676e+13,3.684042e+01,3.586098e+01
1.206440e+01,1.436388e+01,6.558265e+09,4.475574e+00,1.874976e+13,4.519920e+01,3.811315e+01
1.206440e+01,1.505375e+01,5.645254e+09,4.477125e+00,1.876151e+13,4.735508e+01,4.279680e+01
1.206440e+01,1.566048e+01,4.604293e+09,4.477858e+00,1.870278e+13,4.086781e+01,5.079961e+01
1.206440e+01,1.618748e+01,3.550943e+09,4.478085e+00,1.862324e+13,2.696294e+01,6.410289e+01
1.206440e+01,1.664030e+01,2.559593e+09,4.478069e+00,1.855202e+13,1.130956e+01,8.717304e+01
1.206440e+01,1.702576e+01,1.670110e+09,4.477990e+00,1.850220e+13,2.549680e+00,1.319600e+02
1.206440e+01,1.735128e+01,8.975564e+08,4.477944e+00,1.847639e+13,1.409338e-01,2.441813e+02
1.333290e+01,1.487201e-01,1.196827e+08,1.826732e+00,7.947031e+12,4.703738e-06,1.000000e+03
1.333290e+01,4.742405e-01,2.248186e+08,1.828611e+00,8.004544e+12,9.015153e-05,6.965833e+02
1.333290e+01,8.597004e-01,3.497814e+08,1.833492e+00,8.085189e+12,4.646942e-04,4.518305e+02
1.333290e+01,1.312518e+00,4.976774e+08,1.842939e+00,8.197242e+12,1.565420e-03,3.226180e+02
1.333290e+01,1.839522e+00,6.720182e+08,1.859061e+00,8.351139e+12,4.264018e-03,2.446482e+02
1.333290e+01,2.446252e+00,8.768179e+08,1.884615e+00,8.559527e+12,1.025879e-02,1.936247e+02
1.333290e+01,3.136121e+00,1.116720e+09,1.923079e+00,8.836926e+12,2.284558e-02,1.582498e+02
1.333290e+01,3.909510e+00,1.397116e+09,1.978698e+00,9.198803e+12,4.846514e-02,1.325146e+02
1.333290e+01,4.762930e+00,1.724170e+09,2.056462e+00,9.659783e+12,9.983001e-02,1.129330e+02
1.333290e+01,5.688405e+00,2.104598e+09,2.161998e+00,1.023077e+13,2.021838e-01,9.738838e+01
1.333290e+01,6.673277e+00,2.544994e+09,2.301316e+00,1.091490e+13,4.054783e-01,8.458878e+01
1.333290e+01,7.700577e+00,3.050439e+09,2.480308e+00,1.170263e+13,8.068330e-01,7.376603e+01
1.333290e+01,8.750000e+00,3.622183e+09,2.703846e+00,1.256692e+13,1.588411e+00,6.448015e+01
1.333290e+01,9.799423e+00,4.250106e+09,2.974302e+00,1.346047e+13,3.069118e+00,5.653529e+01
1.333290e+01,1.082672e+01,4.873530e+09,3.289534e+00,1.431773e+13,5.711500e+00,5.018126e+01
1.333290e+01,1.181160e+01,5.392484e+09,3.640742e+00,1.506528e+13,1.001288e+01,4.560110e+01
1.333290e+01,1.273707e+01,5.681763e+09,4.011026e+00,1.563989e+13,1.613990e+01,4.297134e+01
1.333290e+01,1.359049e+01,5.631959e+09,4.375604e+00,1.600850e+13,2.331490e+01,4.255387e+01
1.333290e+01,1.436388e+01,5.204038e+09,4.472730e+00,1.618024e+13,2.972319e+01,4.483225e+01
1.333290e+01,1.505375e+01,4.514442e+09,4.475112e+00,1.621807e+13,3.242618e+01,5.013241e+01
1.333290e+01,1.566048e+01,3.699437e+09,4.476199e+00,1.618568e+13,2.900827e+01,5.941018e+01
1.333290e+01,1.618748e+01,2.861213e+09,4.476599e+00,1.612851e+13,1.967773e+01,7.494150e+01
1.333290e+01,1.664030e+01,2.065819e+09,4.476605e+00,1.607377e+13,8.370591e+00,1.019271e+02
1.333290e+01,1.702576e+01,1.349119e+09,4.476507e+00,1.603425e+13,1.896373e+00,1.543276e+02
1.333290e+01,1.735128e+01,7.253136e+08,4.476444e+00,1.601332e+13,1.049690e-01,2.856059e+02
1.463866e+01,1.487201e-01,8.684613e+07,1.814349e+00,6.696664e+12,1.926081e-06,1.000000e+03
1.463866e+01,4.742405e-01,1.632058e+08,1.816100e+00,6.744629e+12,3.693729e-05,9.050440e+02
1.463866e+01,8.597004e-01,2.539272e+08,1.820646e+00,6.811580e+12,1.904541e-04,5.862333e+02
1.463866e+01,1.312518e+00,3.612393e+08,1.829443e+00,6.904255e+12,6.418051e-04,4.176992e+02
1.463866e+01,1.839522e+00,4.876488e+08,1.844441e+00,7.031136e+12,1.749133e-03,3.158216e+02
1.463866e+01,2.446252e+00,6.359980e+08,1.868173e+00,7.202452e+12,4.211758e-03,2.490476e+02
1.463866e+01,3.136121e+00,8.095315e+08,1.903805e+00,7.429875e+12,9.390986e-03,2.027317e+02
1.463866e+01,3.909510e+00,1.011933e+09,1.955135e+00,7.725691e+12,1.995730e-02,1.690989e+02
1.463866e+01,4.762930e+00,1.247253e+09,2.026519e+00,8.101254e+12,4.120570e-02,1.436400e+02
1.463866e+01,5.688405e+00,1.519586e+09,2.122695e+00,8.564573e+12,8.370702e-02,1.236093e+02
1.463866e+01,6.673277e+00,1.832307e+09,2.248461e+00,9.117028e+12,1.685128e-01,1.073180e+02
1.463866e+01,7.700577e+00,2.186656e+09,2.408162e+00,9.749592e+12,3.368909e-01,9.375053e+01
1.463866e+01,8.750000e+00,2.579569e+09,2.604914e+00,1.043951e+13,6.671990e-01,8.232021e+01
1.463866e+01,9.799423e+00,3.000963e+09,2.839556e+00,1.114907e+13,1.301082e+00,7.269412e+01
1.463866e+01,1.082672e+01,3.413354e+09,3.109527e+00,1.182841e+13,2.465977e+00,6.501047e+01
1.463866e+01,1.181160e+01,3.752023e+09,3.408159e+00,1.242410e+13,4.477553e+00,5.949840e+01
1.463866e+01,1.273707e+01,3.942541e+09,3.725080e+00,1.289243e+13,7.716835e+00,5.633019e+01
1.463866e+01,1.359049e+01,3.924341e+09,4.047950e+00,1.321205e+13,1.262247e+01,5.574409e+01
1.463866e+01,1.436388e+01,3.676062e+09,4.364490e+00,1.338936e+13,1.980354e+01,5.820319e+01
1.463866e+01,1.505375e+01,3.224969e+09,4.472841e+00,1.345334e+13,3.057249e+01,6.467641e+01
1.463866e+01,1.566048e+01,2.660288e+09,4.475358e+00,1.345077e+13,4.692246e+01,7.649336e+01
1.463866e+01,1.618748e+01,2.065635e+09,4.476500e+00,1.342049e+13,7.078546e+01,9.648582e+01
1.463866e+01,1.664030e+01,1.494739e+09,4.476349e+00,1.338613e+13,3.779048e+01,1.313155e+02
1.463866e+01,1.702576e+01,9.773003e+08,4.475781e+00,1.335956e+13,6.716661e+00,1.989533e+02
1.463866e+01,1.735128e+01,5.256569e+08,4.475446e+00,1.334476e+13,3.411048e-01,3.683247e+02
1.597193e+01,1.487201e-01,5.350647e+07,1.805248e+00,5.405054e+12,4.454885e-07,1.000000e+03
1.597193e+01,4.742405e-01,1.006094e+08,1.806897e+00,5.443260e+12,8.549685e-06,1.000000e+03
1.597193e+01,8.597004e-01,1.565313e+08,1.811182e+00,5.496337e+12,4.409222e-05,9.023264e+02
1.597193e+01,1.312518e+00,2.226282e+08,1.819468e+00,5.569522e+12,1.486059e-04,6.414239e+02
1.597193e+01,1.839522e+00,3.004196e+08,1.833583e+00,5.669390e+12,4.051064e-04,4.833989e+02
1.597193e+01,2.446252e+00,3.916170e+08,1.855881e+00,5.803842e+12,9.759431e-04,3.796319e+02
1.597193e+01,3.136121e+00,4.981499e+08,1.889277e+00,5.981819e+12,2.177851e-03,3.075994e+02
1.597193e+01,3.909510e+00,6.221622e+08,1.937206e+00,6.212602e+12,4.633920e-03,2.553638e+02
1.597193e+01,4.762930e+00,7.659179e+08,2.003501e+00,6.504533e+12,9.583749e-03,2.160027e+02
1.597193e+01,5.688405e+00,9.315194e+08,2.092152e+00,6.863059e+12,1.951158e-02,1.852867e+02
1.597193e+01,6.673277e+00,1.120303e+09,2.206908e+00,7.288181e+12,3.938647e-02,1.605929e+02
1.597193e+01,7.700577e+00,1.331772e+09,2.350713e+00,7.771667e+12,7.899592e-02,1.403255e+02
1.597193e+01,8.750000e+00,1.562036e+09,2.524948e+00,8.294912e+12,1.570033e-01,1.235545e+02
1.597193e+01,9.799423e+00,1.801937e+09,2.728534e+00,8.828729e+12,3.071391e-01,1.097645e+02
1.597193e+01,1.082672e+01,2.031713e+09,2.957114e+00,9.336410e+12,5.845001e-01,9.886587e+01
1.597193e+01,1.181160e+01,2.213644e+09,3.202629e+00,9.780580e+12,1.062308e+00,9.124707e+01
1.597193e+01,1.273707e+01,2.307459e+09,3.453591e+00,1.013253e+13,1.808765e+00,8.718137e+01
1.597193e+01,1.359049e+01,2.283278e+09,3.695949e+00,1.038000e+13,2.824655e+00,8.703534e+01
1.597193e+01,1.436388e+01,2.134116e+09,3.914202e+00,1.052943e+13,3.942374e+00,9.148595e+01
1.597193e+01,1.505375e+01,1.879951e+09,4.092833e+00,1.060175e+13,4.749092e+00,1.018102e+02
1.597193e+01,1.566048e+01,1.560626e+09,4.219157e+00,1.062405e+13,4.689699e+00,1.203406e+02
1.597193e+01,1.618748e+01,1.217860e+09,4.289029e+00,1.062045e+13,3.461909e+00,1.518032e+02
1.597193e+01,1.664030e+01,8.840255e+08,4.312682e+00,1.060777e+13,1.533871e+00,2.067579e+02
1.597193e+01,1.702576e+01,5.789682e+08,4.315762e+00,1.059550e+13,3.510356e-01,3.135070e+02
1.597193e+01,1.735128e+01,3.116094e+08,4.315010e+00,1.058762e+13,1.947150e-02,5.806862e+02
1.732208e+01,1.487201e-01,2.075407e+07,1.800544e+00,4.103405e+12,1.847594e-08,1.000000e+03
1.732208e+01,4.742405e-01,3.904062e+07,1.802139e+00,4.131917e+12,3.547758e-07,1.000000e+03
1.732208e+01,8.597004e-01,6.071358e+07,1.806283e+00,4.171375e+12,1.828983e-06,1.000000e+03
1.732208e+01,1.312518e+00,8.629720e+07,1.814292e+00,4.225616e+12,6.161596e-06,1.000000e+03
1.732208e+01,1.839522e+00,1.163789e+08,1.827928e+00,4.299450e+12,1.679203e-05,1.000000e+03
1.732208e+01,2.446252e+00,1.516175e+08,1.849449e+00,4.398639e+12,4.045240e-05,9.403910e+02
1.732208e+01,3.136121e+00,1.927482e+08,1.881629e+00,4.529659e+12,9.029428e-05,7.591295e+02
1.732208e+01,3.909510e+00,2.405742e+08,1.927703e+00,4.699149e+12,1.922324e-04,6.277628e+02
1.732208e+01,4.762930e+00,2.959179e+08,1.991214e+00,4.912926e+12,3.979167e-04,5.290565e+02
1.732208e+01,5.688405e+00,3.594923e+08,2.075723e+00,5.174506e+12,8.110547e-04,4.524472e+02
1.732208e+01,6.673277e+00,4.316356e+08,2.184376e+00,5.483224e+12,1.639443e-03,3.913418e+02
1.732208e+01,7.700577e+00,5.118533e+08,2.319278e+00,5.832282e+12,3.292693e-03,3.416940e+02
1.732208e+01,8.750000e+00,5.981591e+08,2.480717e+00,6.207422e+12,6.549895e-03,3.011325e+02
1.732208e+01,9.799423e+00,6.863008e+08,2.666290e+00,6.587211e+12,1.280152e-02,2.683676e+02
1.732208e+01,1.082672e+01,7.691267e+08,2.870186e+00,6.945777e+12,2.426884e-02,2.428035e+02
1.732208e+01,1.181160e+01,8.325363e+08,3.082979e+00,7.258026e+12,4.360645e-02,2.254184e+02
1.732208e+01,1.273707e+01,8.620247e+08,3.292312e+00,7.505991e+12,7.223841e-02,2.169676e+02
1.732208e+01,1.359049e+01,8.476882e+08,3.484639e+00,7.683398e+12,1.067571e-01,2.184372e+02
1.732208e+01,1.436388e+01,7.883936e+08,3.647831e+00,7.796114e+12,1.354391e-01,2.315860e+02
1.732208e+01,1.505375e+01,6.924435e+08,3.774052e+00,7.858348e+12,1.412373e-01,2.596831e+02
1.732208e+01,1.566048e+01,5.740406e+08,3.861854e+00,7.886888e+12,1.152142e-01,3.088837e+02
1.732208e+01,1.618748e+01,4.478210e+08,3.916223e+00,7.896276e+12,6.905591e-02,3.915215e+02
1.732208e+01,1.664030e+01,3.251530e+08,3.946078e+00,7.896683e+12,2.767089e-02,5.350138e+02
1.732208e+01,1.702576e+01,2.130262e+08,3.960483e+00,7.894034e+12,6.257503e-03,8.128539e+02
1.732208e+01,1.735128e+01,1.146621e+08,3.965804e+00,7.891179e+12,3.469486e-04,1.000000e+03
